Assigned to,animation_url,image,Moto Name,Top Chassis,Side Cart,Pattern,Color,Number Plate,Top Chassis is Correct?,Side Cart in Metadata is Correct?,Pattern # is Correct?,Color # is Correct?,Number Plate is Correct?,Any Other Animation Issues?,Any Other Image Issues?
sma11#8959,https://wilder-moto-testing.s3.eu-central-1.amazonaws.com/Folder1/Videos/Moto_0OPU8LCIQGNBA.mp4,https://wilder-moto-testing.s3.eu-central-1.amazonaws.com/Folder1/Moto_0OPU8LCIQGNBA.jpeg,Moto,Exotic,None,Pattern 3,Color 7,WW-102,,,,,,,
sma11#8959,https://wilder-moto-testing.s3.eu-central-1.amazonaws.com/Folder1/Videos/Moto_XN777DEGDF8R3.mp4,https://wilder-moto-testing.s3.eu-central-1.amazonaws.com/Folder1/Moto_XN777DEGDF8R3.jpeg,Moto,Exotic,None,Pattern 6,Color 1,WW-103,,,,,,,
sma11#8959,https://wilder-moto-testing.s3.eu-central-1.amazonaws.com/Folder1/Videos/Moto_XQN26SZ609QIA.mp4,https://wilder-moto-testing.s3.eu-central-1.amazonaws.com/Folder1/Moto_XQN26SZ609QIA.jpeg,Moto,Exotic,None,Pattern 6,Color 5,WW-104,,,,,,,
sma11#8959,https://wilder-moto-testing.s3.eu-central-1.amazonaws.com/Folder1/Videos/Moto_NBUVUSKLL5JNX.mp4,https://wilder-moto-testing.s3.eu-central-1.amazonaws.com/Folder1/Moto_NBUVUSKLL5JNX.jpeg,Moto,Exotic,None,Pattern 1,Color 5,WW-105,,,,,,,
sma11#8959,https://wilder-moto-testing.s3.eu-central-1.amazonaws.com/Folder1/Videos/Moto_67YXE06A3QHBQ.mp4,https://wilder-moto-testing.s3.eu-central-1.amazonaws.com/Folder1/Moto_67YXE06A3QHBQ.jpeg,Moto,Exotic,None,Pattern 6,Color 0,WW-106,,,,,,,
sma11#8959,https://wilder-moto-testing.s3.eu-central-1.amazonaws.com/Folder1/Videos/Moto_8AXQT4P2X7ZQ5.mp4,https://wilder-moto-testing.s3.eu-central-1.amazonaws.com/Folder1/Moto_8AXQT4P2X7ZQ5.jpeg,Moto,Exotic,None,Pattern 1,Color 2,WW-107,,,,,,,
sma11#8959,https://wilder-moto-testing.s3.eu-central-1.amazonaws.com/Folder1/Videos/Moto_PG6YCO91FIXTN.mp4,https://wilder-moto-testing.s3.eu-central-1.amazonaws.com/Folder1/Moto_PG6YCO91FIXTN.jpeg,Moto,Exotic,None,Pattern 5,Color 1,WW-108,,,,,,,
sma11#8959,https://wilder-moto-testing.s3.eu-central-1.amazonaws.com/Folder1/Videos/Moto_W9P4ZLWD3IHD5.mp4,https://wilder-moto-testing.s3.eu-central-1.amazonaws.com/Folder1/Moto_W9P4ZLWD3IHD5.jpeg,Moto,Exotic,None,Pattern 4,Color 0,WW-109,,,,,,,
sma11#8959,https://wilder-moto-testing.s3.eu-central-1.amazonaws.com/Folder1/Videos/Moto_FGH4IXB8F8S70.mp4,https://wilder-moto-testing.s3.eu-central-1.amazonaws.com/Folder1/Moto_FGH4IXB8F8S70.jpeg,Moto,Exotic,None,Pattern 5,Color 0,WW-110,,,,,,,
sma11#8959,https://wilder-moto-testing.s3.eu-central-1.amazonaws.com/Folder1/Videos/Moto_98S4A2O7WKKCB.mp4,https://wilder-moto-testing.s3.eu-central-1.amazonaws.com/Folder1/Moto_98S4A2O7WKKCB.jpeg,Moto,Exotic,None,Pattern 5,Color 1,WW-111,,,,,,,
sma11#8959,https://wilder-moto-testing.s3.eu-central-1.amazonaws.com/Folder1/Videos/Moto_Q2WVSMIABQ4G2.mp4,https://wilder-moto-testing.s3.eu-central-1.amazonaws.com/Folder1/Moto_Q2WVSMIABQ4G2.jpeg,Moto,Exotic,None,Pattern 4,Color 0,WW-112,,,,,,,
sma11#8959,https://wilder-moto-testing.s3.eu-central-1.amazonaws.com/Folder1/Videos/Moto_9NSGQVEYBDYRJ.mp4,https://wilder-moto-testing.s3.eu-central-1.amazonaws.com/Folder1/Moto_9NSGQVEYBDYRJ.jpeg,Moto,Exotic,None,Pattern 2,Color 3,WW-113,,,,,,,
sma11#8959,https://wilder-moto-testing.s3.eu-central-1.amazonaws.com/Folder1/Videos/Moto_5XMLNQO0D7X1F.mp4,https://wilder-moto-testing.s3.eu-central-1.amazonaws.com/Folder1/Moto_5XMLNQO0D7X1F.jpeg,Moto,Exotic,None,Pattern 1,Color 0,WW-114,,,,,,,
sma11#8959,https://wilder-moto-testing.s3.eu-central-1.amazonaws.com/Folder1/Videos/Moto_5VMOL3MF7GXPF.mp4,https://wilder-moto-testing.s3.eu-central-1.amazonaws.com/Folder1/Moto_5VMOL3MF7GXPF.jpeg,Moto,Exotic,None,Pattern 5,Color 12,WW-115,,,,,,,
sma11#8959,https://wilder-moto-testing.s3.eu-central-1.amazonaws.com/Folder1/Videos/Moto_YS049N81QGDJ2.mp4,https://wilder-moto-testing.s3.eu-central-1.amazonaws.com/Folder1/Moto_YS049N81QGDJ2.jpeg,Moto,Exotic,None,Pattern 1,Color 0,WW-116,,,,,,,
sma11#8959,https://wilder-moto-testing.s3.eu-central-1.amazonaws.com/Folder1/Videos/Moto_RQLBMNZLWAD83.mp4,https://wilder-moto-testing.s3.eu-central-1.amazonaws.com/Folder1/Moto_RQLBMNZLWAD83.jpeg,Moto,Exotic,Side Cart,Pattern 1,Color 6,WW-117,,,,,,,
sma11#8959,https://wilder-moto-testing.s3.eu-central-1.amazonaws.com/Folder1/Videos/Moto_7U9SW4OA4KBTM.mp4,https://wilder-moto-testing.s3.eu-central-1.amazonaws.com/Folder1/Moto_7U9SW4OA4KBTM.jpeg,Moto,Exotic,None,Pattern 4,Color 8,WW-118,,,,,,,
sma11#8959,https://wilder-moto-testing.s3.eu-central-1.amazonaws.com/Folder1/Videos/Moto_K20V33FORURWF.mp4,https://wilder-moto-testing.s3.eu-central-1.amazonaws.com/Folder1/Moto_K20V33FORURWF.jpeg,Moto,Exotic,None,Pattern 8,Color 1,WW-119,,,,,,,
sma11#8959,https://wilder-moto-testing.s3.eu-central-1.amazonaws.com/Folder1/Videos/Moto_87G9Q6YYY7AEU.mp4,https://wilder-moto-testing.s3.eu-central-1.amazonaws.com/Folder1/Moto_87G9Q6YYY7AEU.jpeg,Moto,Exotic,None,Pattern 6,Color 7,WW-120,,,,,,,
sma11#8959,https://wilder-moto-testing.s3.eu-central-1.amazonaws.com/Folder1/Videos/Moto_9GUMBIXV5ODR4.mp4,https://wilder-moto-testing.s3.eu-central-1.amazonaws.com/Folder1/Moto_9GUMBIXV5ODR4.jpeg,Moto,Exotic,Side Cart,Pattern 2,Color 2,WW-121,,,,,,,
sma11#8959,https://wilder-moto-testing.s3.eu-central-1.amazonaws.com/Folder1/Videos/Moto_QB1Q3ZOTCMJYT.mp4,https://wilder-moto-testing.s3.eu-central-1.amazonaws.com/Folder1/Moto_QB1Q3ZOTCMJYT.jpeg,Moto,Exotic,None,Pattern 3,Color 1,WW-122,,,,,,,
sma11#8959,https://wilder-moto-testing.s3.eu-central-1.amazonaws.com/Folder1/Videos/Moto_VF4U2TDYUG5R4.mp4,https://wilder-moto-testing.s3.eu-central-1.amazonaws.com/Folder1/Moto_VF4U2TDYUG5R4.jpeg,Moto,Exotic,None,Pattern 1,Color 5,WW-123,,,,,,,
sma11#8959,https://wilder-moto-testing.s3.eu-central-1.amazonaws.com/Folder1/Videos/Moto_O062CTS41O7G0.mp4,https://wilder-moto-testing.s3.eu-central-1.amazonaws.com/Folder1/Moto_O062CTS41O7G0.jpeg,Moto,Exotic,None,Pattern 13,Color 1,WW-124,,,,,,,
sma11#8959,https://wilder-moto-testing.s3.eu-central-1.amazonaws.com/Folder1/Videos/Moto_8G2YM1O860MO3.mp4,https://wilder-moto-testing.s3.eu-central-1.amazonaws.com/Folder1/Moto_8G2YM1O860MO3.jpeg,Moto,Exotic,None,Pattern 6,Color 1,WW-125,,,,,,,
sma11#8959,https://wilder-moto-testing.s3.eu-central-1.amazonaws.com/Folder1/Videos/Moto_S1C4J6MHND6E4.mp4,https://wilder-moto-testing.s3.eu-central-1.amazonaws.com/Folder1/Moto_S1C4J6MHND6E4.jpeg,Moto,Exotic,None,Pattern 0,Color 1,WW-126,,,,,,,
sma11#8959,https://wilder-moto-testing.s3.eu-central-1.amazonaws.com/Folder1/Videos/Moto_VZ8RSCZSF7UB7.mp4,https://wilder-moto-testing.s3.eu-central-1.amazonaws.com/Folder1/Moto_VZ8RSCZSF7UB7.jpeg,Moto,Exotic,Side Cart,Pattern 2,Color 3,WW-127,,,,,,,
sma11#8959,https://wilder-moto-testing.s3.eu-central-1.amazonaws.com/Folder1/Videos/Moto_H69B93O9EZ0R8.mp4,https://wilder-moto-testing.s3.eu-central-1.amazonaws.com/Folder1/Moto_H69B93O9EZ0R8.jpeg,Moto,Exotic,None,Pattern 1,Color 4,WW-128,,,,,,,
sma11#8959,https://wilder-moto-testing.s3.eu-central-1.amazonaws.com/Folder1/Videos/Moto_WBET4D1B8ZBM5.mp4,https://wilder-moto-testing.s3.eu-central-1.amazonaws.com/Folder1/Moto_WBET4D1B8ZBM5.jpeg,Moto,Exotic,None,Pattern 7,Color 8,WW-129,,,,,,,
sma11#8959,https://wilder-moto-testing.s3.eu-central-1.amazonaws.com/Folder1/Videos/Moto_MO14HKK59WN24.mp4,https://wilder-moto-testing.s3.eu-central-1.amazonaws.com/Folder1/Moto_MO14HKK59WN24.jpeg,Moto,Exotic,None,Pattern 1,Color 2,WW-130,,,,,,,
sma11#8959,https://wilder-moto-testing.s3.eu-central-1.amazonaws.com/Folder1/Videos/Moto_JY6UFU5T21WH1.mp4,https://wilder-moto-testing.s3.eu-central-1.amazonaws.com/Folder1/Moto_JY6UFU5T21WH1.jpeg,Moto,Exotic,None,Pattern 11,Color 2,WW-131,,,,,,,
sma11#8959,https://wilder-moto-testing.s3.eu-central-1.amazonaws.com/Folder1/Videos/Moto_1VFEQ6AWN9BQT.mp4,https://wilder-moto-testing.s3.eu-central-1.amazonaws.com/Folder1/Moto_1VFEQ6AWN9BQT.jpeg,Moto,Exotic,Side Cart,Pattern 8,Color 0,WW-132,,,,,,,
sma11#8959,https://wilder-moto-testing.s3.eu-central-1.amazonaws.com/Folder1/Videos/Moto_0X8VVULFV3QTB.mp4,https://wilder-moto-testing.s3.eu-central-1.amazonaws.com/Folder1/Moto_0X8VVULFV3QTB.jpeg,Moto,Exotic,None,Pattern 1,Color 4,WW-133,,,,,,,
sma11#8959,https://wilder-moto-testing.s3.eu-central-1.amazonaws.com/Folder1/Videos/Moto_TCS6BZUM89X0Y.mp4,https://wilder-moto-testing.s3.eu-central-1.amazonaws.com/Folder1/Moto_TCS6BZUM89X0Y.jpeg,Moto,Exotic,None,Pattern 1,Color 0,WW-134,,,,,,,
sma11#8959,https://wilder-moto-testing.s3.eu-central-1.amazonaws.com/Folder1/Videos/Moto_61TGKB2PEDISP.mp4,https://wilder-moto-testing.s3.eu-central-1.amazonaws.com/Folder1/Moto_61TGKB2PEDISP.jpeg,Moto,Exotic,None,Pattern 4,Color 0,WW-135,,,,,,,
sma11#8959,https://wilder-moto-testing.s3.eu-central-1.amazonaws.com/Folder1/Videos/Moto_Q7RQMZ9GJ5KSO.mp4,https://wilder-moto-testing.s3.eu-central-1.amazonaws.com/Folder1/Moto_Q7RQMZ9GJ5KSO.jpeg,Moto,Exotic,None,Pattern 4,Color 3,WW-136,,,,,,,
sma11#8959,https://wilder-moto-testing.s3.eu-central-1.amazonaws.com/Folder1/Videos/Moto_02OQW6WHPW5FG.mp4,https://wilder-moto-testing.s3.eu-central-1.amazonaws.com/Folder1/Moto_02OQW6WHPW5FG.jpeg,Moto,Exotic,None,Pattern 6,Color 3,WW-137,,,,,,,
sma11#8959,https://wilder-moto-testing.s3.eu-central-1.amazonaws.com/Folder1/Videos/Moto_EDED7GZM2JIM5.mp4,https://wilder-moto-testing.s3.eu-central-1.amazonaws.com/Folder1/Moto_EDED7GZM2JIM5.jpeg,Moto,Exotic,None,Pattern 3,Color 5,WW-138,,,,,,,
sma11#8959,https://wilder-moto-testing.s3.eu-central-1.amazonaws.com/Folder1/Videos/Moto_2S7QCSTCWK16M.mp4,https://wilder-moto-testing.s3.eu-central-1.amazonaws.com/Folder1/Moto_2S7QCSTCWK16M.jpeg,Moto,Exotic,None,Pattern 7,Color 3,WW-139,,,,,,,
sma11#8959,https://wilder-moto-testing.s3.eu-central-1.amazonaws.com/Folder1/Videos/Moto_1RZYQ4JDCR3Y9.mp4,https://wilder-moto-testing.s3.eu-central-1.amazonaws.com/Folder1/Moto_1RZYQ4JDCR3Y9.jpeg,Moto,Exotic,Side Cart,Pattern 3,Color 3,WW-140,,,,,,,
sma11#8959,https://wilder-moto-testing.s3.eu-central-1.amazonaws.com/Folder1/Videos/Moto_ZH6GDDKZD19KW.mp4,https://wilder-moto-testing.s3.eu-central-1.amazonaws.com/Folder1/Moto_ZH6GDDKZD19KW.jpeg,Moto,Exotic,None,Pattern 9,Color 1,WW-141,,,,,,,
sma11#8959,https://wilder-moto-testing.s3.eu-central-1.amazonaws.com/Folder1/Videos/Moto_EELHPIT94D80Q.mp4,https://wilder-moto-testing.s3.eu-central-1.amazonaws.com/Folder1/Moto_EELHPIT94D80Q.jpeg,Moto,Exotic,None,Pattern 1,Color 0,WW-142,,,,,,,
sma11#8959,https://wilder-moto-testing.s3.eu-central-1.amazonaws.com/Folder1/Videos/Moto_U2QLM8S7EPFGY.mp4,https://wilder-moto-testing.s3.eu-central-1.amazonaws.com/Folder1/Moto_U2QLM8S7EPFGY.jpeg,Moto,Exotic,None,Pattern 0,Color 4,WW-143,,,,,,,
sma11#8959,https://wilder-moto-testing.s3.eu-central-1.amazonaws.com/Folder1/Videos/Moto_INSA9SWN57UIE.mp4,https://wilder-moto-testing.s3.eu-central-1.amazonaws.com/Folder1/Moto_INSA9SWN57UIE.jpeg,Moto,Exotic,None,Pattern 0,Color 3,WW-144,,,,,,,
sma11#8959,https://wilder-moto-testing.s3.eu-central-1.amazonaws.com/Folder1/Videos/Moto_1REFHGC7IVPFM.mp4,https://wilder-moto-testing.s3.eu-central-1.amazonaws.com/Folder1/Moto_1REFHGC7IVPFM.jpeg,Moto,Exotic,Side Cart,Pattern 1,Color 2,WW-145,,,,,,,
sma11#8959,https://wilder-moto-testing.s3.eu-central-1.amazonaws.com/Folder1/Videos/Moto_H6KJ0UTL58SWI.mp4,https://wilder-moto-testing.s3.eu-central-1.amazonaws.com/Folder1/Moto_H6KJ0UTL58SWI.jpeg,Moto,Exotic,Side Cart,Pattern 0,Color 4,WW-146,,,,,,,
sma11#8959,https://wilder-moto-testing.s3.eu-central-1.amazonaws.com/Folder1/Videos/Moto_1FOLDVU6T69AF.mp4,https://wilder-moto-testing.s3.eu-central-1.amazonaws.com/Folder1/Moto_1FOLDVU6T69AF.jpeg,Moto,Exotic,None,Pattern 8,Color 1,WW-147,,,,,,,
sma11#8959,https://wilder-moto-testing.s3.eu-central-1.amazonaws.com/Folder1/Videos/Moto_VGWS5MC1CKKYJ.mp4,https://wilder-moto-testing.s3.eu-central-1.amazonaws.com/Folder1/Moto_VGWS5MC1CKKYJ.jpeg,Moto,Exotic,Side Cart,Pattern 0,Color 0,WW-148,,,,,,,
sma11#8959,https://wilder-moto-testing.s3.eu-central-1.amazonaws.com/Folder1/Videos/Moto_JY919SME29RU1.mp4,https://wilder-moto-testing.s3.eu-central-1.amazonaws.com/Folder1/Moto_JY919SME29RU1.jpeg,Moto,Exotic,None,Pattern 2,Color 2,WW-149,,,,,,,
sma11#8959,https://wilder-moto-testing.s3.eu-central-1.amazonaws.com/Folder1/Videos/Moto_TN4Q4PMMUV4PP.mp4,https://wilder-moto-testing.s3.eu-central-1.amazonaws.com/Folder1/Moto_TN4Q4PMMUV4PP.jpeg,Moto,Exotic,None,Pattern 2,Color 6,WW-150,,,,,,,
sma11#8959,https://wilder-moto-testing.s3.eu-central-1.amazonaws.com/Folder1/Videos/Moto_76NYGOXQ0GEGB.mp4,https://wilder-moto-testing.s3.eu-central-1.amazonaws.com/Folder1/Moto_76NYGOXQ0GEGB.jpeg,Moto,Exotic,None,Pattern 3,Color 2,WW-151,,,,,,,
sma11#8959,https://wilder-moto-testing.s3.eu-central-1.amazonaws.com/Folder1/Videos/Moto_FFJFS1A1ZFNSR.mp4,https://wilder-moto-testing.s3.eu-central-1.amazonaws.com/Folder1/Moto_FFJFS1A1ZFNSR.jpeg,Moto,Exotic,None,Pattern 5,Color 5,WW-152,,,,,,,
sma11#8959,https://wilder-moto-testing.s3.eu-central-1.amazonaws.com/Folder1/Videos/Moto_3N6D2U3EXPK33.mp4,https://wilder-moto-testing.s3.eu-central-1.amazonaws.com/Folder1/Moto_3N6D2U3EXPK33.jpeg,Moto,Exotic,None,Pattern 0,Color 3,WW-153,,,,,,,
sma11#8959,https://wilder-moto-testing.s3.eu-central-1.amazonaws.com/Folder1/Videos/Moto_MGICQC13RCB7Y.mp4,https://wilder-moto-testing.s3.eu-central-1.amazonaws.com/Folder1/Moto_MGICQC13RCB7Y.jpeg,Moto,Exotic,None,Pattern 0,Color 4,WW-154,,,,,,,
sma11#8959,https://wilder-moto-testing.s3.eu-central-1.amazonaws.com/Folder1/Videos/Moto_FWGLXA1D5815V.mp4,https://wilder-moto-testing.s3.eu-central-1.amazonaws.com/Folder1/Moto_FWGLXA1D5815V.jpeg,Moto,Exotic,None,Pattern 1,Color 14,WW-155,,,,,,,
sma11#8959,https://wilder-moto-testing.s3.eu-central-1.amazonaws.com/Folder1/Videos/Moto_XS44GKUGQPLT5.mp4,https://wilder-moto-testing.s3.eu-central-1.amazonaws.com/Folder1/Moto_XS44GKUGQPLT5.jpeg,Moto,Exotic,None,Pattern 2,Color 4,WW-156,,,,,,,
sma11#8959,https://wilder-moto-testing.s3.eu-central-1.amazonaws.com/Folder1/Videos/Moto_KEV7ITXF458NI.mp4,https://wilder-moto-testing.s3.eu-central-1.amazonaws.com/Folder1/Moto_KEV7ITXF458NI.jpeg,Moto,Exotic,None,Pattern 6,Color 5,WW-157,,,,,,,
sma11#8959,https://wilder-moto-testing.s3.eu-central-1.amazonaws.com/Folder1/Videos/Moto_LR4JZVBP8FDXK.mp4,https://wilder-moto-testing.s3.eu-central-1.amazonaws.com/Folder1/Moto_LR4JZVBP8FDXK.jpeg,Moto,Exotic,None,Pattern 8,Color 1,WW-158,,,,,,,
sma11#8959,https://wilder-moto-testing.s3.eu-central-1.amazonaws.com/Folder1/Videos/Moto_222K2KP0LRZ1M.mp4,https://wilder-moto-testing.s3.eu-central-1.amazonaws.com/Folder1/Moto_222K2KP0LRZ1M.jpeg,Moto,Exotic,None,Pattern 3,Color 4,WW-159,,,,,,,
sma11#8959,https://wilder-moto-testing.s3.eu-central-1.amazonaws.com/Folder1/Videos/Moto_84N5JHJLCQEZB.mp4,https://wilder-moto-testing.s3.eu-central-1.amazonaws.com/Folder1/Moto_84N5JHJLCQEZB.jpeg,Moto,Exotic,None,Pattern 5,Color 6,WW-160,,,,,,,
sma11#8959,https://wilder-moto-testing.s3.eu-central-1.amazonaws.com/Folder1/Videos/Moto_FG92RLD0532TH.mp4,https://wilder-moto-testing.s3.eu-central-1.amazonaws.com/Folder1/Moto_FG92RLD0532TH.jpeg,Moto,Exotic,None,Pattern 2,Color 0,WW-161,,,,,,,
sma11#8959,https://wilder-moto-testing.s3.eu-central-1.amazonaws.com/Folder1/Videos/Moto_OT210VGFJVXOH.mp4,https://wilder-moto-testing.s3.eu-central-1.amazonaws.com/Folder1/Moto_OT210VGFJVXOH.jpeg,Moto,Exotic,Side Cart,Pattern 8,Color 4,WW-162,,,,,,,
sma11#8959,https://wilder-moto-testing.s3.eu-central-1.amazonaws.com/Folder1/Videos/Moto_901WNL7CFX9Z9.mp4,https://wilder-moto-testing.s3.eu-central-1.amazonaws.com/Folder1/Moto_901WNL7CFX9Z9.jpeg,Moto,Exotic,None,Pattern 5,Color 0,WW-163,,,,,,,
sma11#8959,https://wilder-moto-testing.s3.eu-central-1.amazonaws.com/Folder1/Videos/Moto_SUPRN69P12BD8.mp4,https://wilder-moto-testing.s3.eu-central-1.amazonaws.com/Folder1/Moto_SUPRN69P12BD8.jpeg,Moto,Exotic,None,Pattern 0,Color 2,WW-164,,,,,,,
sma11#8959,https://wilder-moto-testing.s3.eu-central-1.amazonaws.com/Folder1/Videos/Moto_CZSGSGHZC3XQU.mp4,https://wilder-moto-testing.s3.eu-central-1.amazonaws.com/Folder1/Moto_CZSGSGHZC3XQU.jpeg,Moto,Exotic,None,Pattern 4,Color 1,WW-165,,,,,,,
sma11#8959,https://wilder-moto-testing.s3.eu-central-1.amazonaws.com/Folder1/Videos/Moto_NWGM4RDOB1M01.mp4,https://wilder-moto-testing.s3.eu-central-1.amazonaws.com/Folder1/Moto_NWGM4RDOB1M01.jpeg,Moto,Exotic,None,Pattern 0,Color 5,WW-166,,,,,,,
sma11#8959,https://wilder-moto-testing.s3.eu-central-1.amazonaws.com/Folder1/Videos/Moto_7IUJN4UCYB652.mp4,https://wilder-moto-testing.s3.eu-central-1.amazonaws.com/Folder1/Moto_7IUJN4UCYB652.jpeg,Moto,Exotic,None,Pattern 8,Color 6,WW-167,,,,,,,
sma11#8959,https://wilder-moto-testing.s3.eu-central-1.amazonaws.com/Folder1/Videos/Moto_Z9A67VPDBG8D1.mp4,https://wilder-moto-testing.s3.eu-central-1.amazonaws.com/Folder1/Moto_Z9A67VPDBG8D1.jpeg,Moto,Exotic,None,Pattern 9,Color 1,WW-168,,,,,,,
sma11#8959,https://wilder-moto-testing.s3.eu-central-1.amazonaws.com/Folder1/Videos/Moto_1CFZARJ68W39D.mp4,https://wilder-moto-testing.s3.eu-central-1.amazonaws.com/Folder1/Moto_1CFZARJ68W39D.jpeg,Moto,Exotic,Side Cart,Pattern 0,Color 0,WW-169,,,,,,,
sma11#8959,https://wilder-moto-testing.s3.eu-central-1.amazonaws.com/Folder1/Videos/Moto_IMHA4GTNRLK6M.mp4,https://wilder-moto-testing.s3.eu-central-1.amazonaws.com/Folder1/Moto_IMHA4GTNRLK6M.jpeg,Moto,Exotic,None,Pattern 0,Color 4,WW-170,,,,,,,
sma11#8959,https://wilder-moto-testing.s3.eu-central-1.amazonaws.com/Folder1/Videos/Moto_H1786O3BAWGSN.mp4,https://wilder-moto-testing.s3.eu-central-1.amazonaws.com/Folder1/Moto_H1786O3BAWGSN.jpeg,Moto,Exotic,None,Pattern 0,Color 1,WW-171,,,,,,,
sma11#8959,https://wilder-moto-testing.s3.eu-central-1.amazonaws.com/Folder1/Videos/Moto_LKPIMZF2YYCH8.mp4,https://wilder-moto-testing.s3.eu-central-1.amazonaws.com/Folder1/Moto_LKPIMZF2YYCH8.jpeg,Moto,Exotic,Side Cart,Pattern 6,Color 2,WW-172,,,,,,,
sma11#8959,https://wilder-moto-testing.s3.eu-central-1.amazonaws.com/Folder1/Videos/Moto_VABXR2OX6KAZM.mp4,https://wilder-moto-testing.s3.eu-central-1.amazonaws.com/Folder1/Moto_VABXR2OX6KAZM.jpeg,Moto,Exotic,None,Pattern 1,Color 0,WW-173,,,,,,,
sma11#8959,https://wilder-moto-testing.s3.eu-central-1.amazonaws.com/Folder1/Videos/Moto_J4H9BYV2WHB33.mp4,https://wilder-moto-testing.s3.eu-central-1.amazonaws.com/Folder1/Moto_J4H9BYV2WHB33.jpeg,Moto,Exotic,None,Pattern 8,Color 0,WW-174,,,,,,,
sma11#8959,https://wilder-moto-testing.s3.eu-central-1.amazonaws.com/Folder1/Videos/Moto_FQSAMPHUZ2LEA.mp4,https://wilder-moto-testing.s3.eu-central-1.amazonaws.com/Folder1/Moto_FQSAMPHUZ2LEA.jpeg,Moto,Exotic,None,Pattern 7,Color 0,WW-175,,,,,,,
sma11#8959,https://wilder-moto-testing.s3.eu-central-1.amazonaws.com/Folder1/Videos/Moto_TSE1UIPEO5ZM0.mp4,https://wilder-moto-testing.s3.eu-central-1.amazonaws.com/Folder1/Moto_TSE1UIPEO5ZM0.jpeg,Moto,Exotic,None,Pattern 0,Color 5,WW-176,,,,,,,
sma11#8959,https://wilder-moto-testing.s3.eu-central-1.amazonaws.com/Folder1/Videos/Moto_INC4ZU29VPNG5.mp4,https://wilder-moto-testing.s3.eu-central-1.amazonaws.com/Folder1/Moto_INC4ZU29VPNG5.jpeg,Moto,Exotic,Side Cart,Pattern 7,Color 3,WW-177,,,,,,,
sma11#8959,https://wilder-moto-testing.s3.eu-central-1.amazonaws.com/Folder1/Videos/Moto_7KYWUOQL6E4MW.mp4,https://wilder-moto-testing.s3.eu-central-1.amazonaws.com/Folder1/Moto_7KYWUOQL6E4MW.jpeg,Moto,Exotic,None,Pattern 6,Color 1,WW-178,,,,,,,
sma11#8959,https://wilder-moto-testing.s3.eu-central-1.amazonaws.com/Folder1/Videos/Moto_EM2O90J4G47E5.mp4,https://wilder-moto-testing.s3.eu-central-1.amazonaws.com/Folder1/Moto_EM2O90J4G47E5.jpeg,Moto,Exotic,None,Pattern 2,Color 2,WW-179,,,,,,,
sma11#8959,https://wilder-moto-testing.s3.eu-central-1.amazonaws.com/Folder1/Videos/Moto_TKCFEP6DGXDKV.mp4,https://wilder-moto-testing.s3.eu-central-1.amazonaws.com/Folder1/Moto_TKCFEP6DGXDKV.jpeg,Moto,Exotic,None,Pattern 5,Color 1,WW-180,,,,,,,
sma11#8959,https://wilder-moto-testing.s3.eu-central-1.amazonaws.com/Folder1/Videos/Moto_HZ3WE1QZULHP2.mp4,https://wilder-moto-testing.s3.eu-central-1.amazonaws.com/Folder1/Moto_HZ3WE1QZULHP2.jpeg,Moto,Exotic,Side Cart,Pattern 2,Color 1,WW-181,,,,,,,
sma11#8959,https://wilder-moto-testing.s3.eu-central-1.amazonaws.com/Folder1/Videos/Moto_JNCWL5QLQAXUN.mp4,https://wilder-moto-testing.s3.eu-central-1.amazonaws.com/Folder1/Moto_JNCWL5QLQAXUN.jpeg,Moto,Exotic,Side Cart,Pattern 1,Color 3,WW-182,,,,,,,
sma11#8959,https://wilder-moto-testing.s3.eu-central-1.amazonaws.com/Folder1/Videos/Moto_8019PDSLLY3AG.mp4,https://wilder-moto-testing.s3.eu-central-1.amazonaws.com/Folder1/Moto_8019PDSLLY3AG.jpeg,Moto,Exotic,None,Pattern 8,Color 3,WW-183,,,,,,,
sma11#8959,https://wilder-moto-testing.s3.eu-central-1.amazonaws.com/Folder1/Videos/Moto_AOVG1XR4LM742.mp4,https://wilder-moto-testing.s3.eu-central-1.amazonaws.com/Folder1/Moto_AOVG1XR4LM742.jpeg,Moto,Exotic,None,Pattern 6,Color 4,WW-184,,,,,,,
sma11#8959,https://wilder-moto-testing.s3.eu-central-1.amazonaws.com/Folder1/Videos/Moto_ZTACTNI3YOJ07.mp4,https://wilder-moto-testing.s3.eu-central-1.amazonaws.com/Folder1/Moto_ZTACTNI3YOJ07.jpeg,Moto,Exotic,None,Pattern 0,Color 1,WW-185,,,,,,,
sma11#8959,https://wilder-moto-testing.s3.eu-central-1.amazonaws.com/Folder1/Videos/Moto_4R9K7BKDS4DTN.mp4,https://wilder-moto-testing.s3.eu-central-1.amazonaws.com/Folder1/Moto_4R9K7BKDS4DTN.jpeg,Moto,Exotic,None,Pattern 4,Color 6,WW-186,,,,,,,
sma11#8959,https://wilder-moto-testing.s3.eu-central-1.amazonaws.com/Folder1/Videos/Moto_QQE2KHTCI12LZ.mp4,https://wilder-moto-testing.s3.eu-central-1.amazonaws.com/Folder1/Moto_QQE2KHTCI12LZ.jpeg,Moto,Exotic,None,Pattern 4,Color 3,WW-187,,,,,,,
sma11#8959,https://wilder-moto-testing.s3.eu-central-1.amazonaws.com/Folder1/Videos/Moto_LABMPKBHV4CRT.mp4,https://wilder-moto-testing.s3.eu-central-1.amazonaws.com/Folder1/Moto_LABMPKBHV4CRT.jpeg,Moto,Exotic,None,Pattern 1,Color 1,WW-188,,,,,,,
sma11#8959,https://wilder-moto-testing.s3.eu-central-1.amazonaws.com/Folder1/Videos/Moto_LKNZQAO7XJN3N.mp4,https://wilder-moto-testing.s3.eu-central-1.amazonaws.com/Folder1/Moto_LKNZQAO7XJN3N.jpeg,Moto,Exotic,None,Pattern 0,Color 1,WW-189,,,,,,,
sma11#8959,https://wilder-moto-testing.s3.eu-central-1.amazonaws.com/Folder1/Videos/Moto_0P68NGMB5FDYB.mp4,https://wilder-moto-testing.s3.eu-central-1.amazonaws.com/Folder1/Moto_0P68NGMB5FDYB.jpeg,Moto,Exotic,None,Pattern 5,Color 1,WW-190,,,,,,,
sma11#8959,https://wilder-moto-testing.s3.eu-central-1.amazonaws.com/Folder1/Videos/Moto_I0WTNV5VKZPVR.mp4,https://wilder-moto-testing.s3.eu-central-1.amazonaws.com/Folder1/Moto_I0WTNV5VKZPVR.jpeg,Moto,Exotic,None,Pattern 3,Color 2,WW-191,,,,,,,
sma11#8959,https://wilder-moto-testing.s3.eu-central-1.amazonaws.com/Folder1/Videos/Moto_71EWWXEVRKU6C.mp4,https://wilder-moto-testing.s3.eu-central-1.amazonaws.com/Folder1/Moto_71EWWXEVRKU6C.jpeg,Moto,Exotic,None,Pattern 8,Color 1,WW-192,,,,,,,
sma11#8959,https://wilder-moto-testing.s3.eu-central-1.amazonaws.com/Folder1/Videos/Moto_1D1CNC9A3VMPI.mp4,https://wilder-moto-testing.s3.eu-central-1.amazonaws.com/Folder1/Moto_1D1CNC9A3VMPI.jpeg,Moto,Exotic,Side Cart,Pattern 0,Color 1,WW-193,,,,,,,
sma11#8959,https://wilder-moto-testing.s3.eu-central-1.amazonaws.com/Folder1/Videos/Moto_VMSUFVNDPNOAA.mp4,https://wilder-moto-testing.s3.eu-central-1.amazonaws.com/Folder1/Moto_VMSUFVNDPNOAA.jpeg,Moto,Exotic,None,Pattern 3,Color 5,WW-194,,,,,,,
sma11#8959,https://wilder-moto-testing.s3.eu-central-1.amazonaws.com/Folder1/Videos/Moto_C1T6A8MR2Q5II.mp4,https://wilder-moto-testing.s3.eu-central-1.amazonaws.com/Folder1/Moto_C1T6A8MR2Q5II.jpeg,Moto,Exotic,None,Pattern 4,Color 1,WW-195,,,,,,,
sma11#8959,https://wilder-moto-testing.s3.eu-central-1.amazonaws.com/Folder1/Videos/Moto_81Y70C4SQV931.mp4,https://wilder-moto-testing.s3.eu-central-1.amazonaws.com/Folder1/Moto_81Y70C4SQV931.jpeg,Moto,Exotic,None,Pattern 0,Color 7,WW-196,,,,,,,
sma11#8959,https://wilder-moto-testing.s3.eu-central-1.amazonaws.com/Folder1/Videos/Moto_3GDFO6N12USGM.mp4,https://wilder-moto-testing.s3.eu-central-1.amazonaws.com/Folder1/Moto_3GDFO6N12USGM.jpeg,Moto,Exotic,None,Pattern 4,Color 7,WW-197,,,,,,,
sma11#8959,https://wilder-moto-testing.s3.eu-central-1.amazonaws.com/Folder1/Videos/Moto_VFLZ1XFV33UH7.mp4,https://wilder-moto-testing.s3.eu-central-1.amazonaws.com/Folder1/Moto_VFLZ1XFV33UH7.jpeg,Moto,Exotic,None,Pattern 1,Color 2,WW-198,,,,,,,
sma11#8959,https://wilder-moto-testing.s3.eu-central-1.amazonaws.com/Folder1/Videos/Moto_5O45WJO92EKTC.mp4,https://wilder-moto-testing.s3.eu-central-1.amazonaws.com/Folder1/Moto_5O45WJO92EKTC.jpeg,Moto,Exotic,None,Pattern 1,Color 0,WW-199,,,,,,,
sma11#8959,https://wilder-moto-testing.s3.eu-central-1.amazonaws.com/Folder1/Videos/Moto_NJOCD1JQTTZFD.mp4,https://wilder-moto-testing.s3.eu-central-1.amazonaws.com/Folder1/Moto_NJOCD1JQTTZFD.jpeg,Moto,Exotic,None,Pattern 7,Color 4,WW-200,,,,,,,
sma11#8959,https://wilder-moto-testing.s3.eu-central-1.amazonaws.com/Folder1/Videos/Moto_P4VD40MJ9X21N.mp4,https://wilder-moto-testing.s3.eu-central-1.amazonaws.com/Folder1/Moto_P4VD40MJ9X21N.jpeg,Moto,Exotic,Side Cart,Pattern 0,Color 1,WW-201,,,,,,,
sma11#8959,https://wilder-moto-testing.s3.eu-central-1.amazonaws.com/Folder1/Videos/Moto_95K4NJXAUFQKE.mp4,https://wilder-moto-testing.s3.eu-central-1.amazonaws.com/Folder1/Moto_95K4NJXAUFQKE.jpeg,Moto,Exotic,None,Pattern 2,Color 1,WW-202,,,,,,,
sma11#8959,https://wilder-moto-testing.s3.eu-central-1.amazonaws.com/Folder1/Videos/Moto_RFJPY67SCKB3K.mp4,https://wilder-moto-testing.s3.eu-central-1.amazonaws.com/Folder1/Moto_RFJPY67SCKB3K.jpeg,Moto,Exotic,None,Pattern 4,Color 1,WW-203,,,,,,,
sma11#8959,https://wilder-moto-testing.s3.eu-central-1.amazonaws.com/Folder1/Videos/Moto_7KUPINSPTLGB3.mp4,https://wilder-moto-testing.s3.eu-central-1.amazonaws.com/Folder1/Moto_7KUPINSPTLGB3.jpeg,Moto,Exotic,None,Pattern 6,Color 4,WW-204,,,,,,,
sma11#8959,https://wilder-moto-testing.s3.eu-central-1.amazonaws.com/Folder1/Videos/Moto_N2FMK80REWH1Z.mp4,https://wilder-moto-testing.s3.eu-central-1.amazonaws.com/Folder1/Moto_N2FMK80REWH1Z.jpeg,Moto,Exotic,None,Pattern 5,Color 6,WW-205,,,,,,,
sma11#8959,https://wilder-moto-testing.s3.eu-central-1.amazonaws.com/Folder1/Videos/Moto_JA7HMYR9XLR38.mp4,https://wilder-moto-testing.s3.eu-central-1.amazonaws.com/Folder1/Moto_JA7HMYR9XLR38.jpeg,Moto,Exotic,Side Cart,Pattern 9,Color 1,WW-206,,,,,,,
sma11#8959,https://wilder-moto-testing.s3.eu-central-1.amazonaws.com/Folder1/Videos/Moto_HHUUTT0HUAYRT.mp4,https://wilder-moto-testing.s3.eu-central-1.amazonaws.com/Folder1/Moto_HHUUTT0HUAYRT.jpeg,Moto,Exotic,None,Pattern 9,Color 1,WW-207,,,,,,,
sma11#8959,https://wilder-moto-testing.s3.eu-central-1.amazonaws.com/Folder1/Videos/Moto_9V5CRWXMKVYSO.mp4,https://wilder-moto-testing.s3.eu-central-1.amazonaws.com/Folder1/Moto_9V5CRWXMKVYSO.jpeg,Moto,Exotic,None,Pattern 5,Color 0,WW-208,,,,,,,
sma11#8959,https://wilder-moto-testing.s3.eu-central-1.amazonaws.com/Folder1/Videos/Moto_A0F30XDU1DSAL.mp4,https://wilder-moto-testing.s3.eu-central-1.amazonaws.com/Folder1/Moto_A0F30XDU1DSAL.jpeg,Moto,Exotic,None,Pattern 2,Color 6,WW-209,,,,,,,
sma11#8959,https://wilder-moto-testing.s3.eu-central-1.amazonaws.com/Folder1/Videos/Moto_15DK4UPWV0ZR0.mp4,https://wilder-moto-testing.s3.eu-central-1.amazonaws.com/Folder1/Moto_15DK4UPWV0ZR0.jpeg,Moto,Exotic,Side Cart,Pattern 7,Color 0,WW-210,,,,,,,
sma11#8959,https://wilder-moto-testing.s3.eu-central-1.amazonaws.com/Folder1/Videos/Moto_PEMBWEILP4MMI.mp4,https://wilder-moto-testing.s3.eu-central-1.amazonaws.com/Folder1/Moto_PEMBWEILP4MMI.jpeg,Moto,Exotic,None,Pattern 6,Color 1,WW-211,,,,,,,
sma11#8959,https://wilder-moto-testing.s3.eu-central-1.amazonaws.com/Folder1/Videos/Moto_YM21BQE43B1SL.mp4,https://wilder-moto-testing.s3.eu-central-1.amazonaws.com/Folder1/Moto_YM21BQE43B1SL.jpeg,Moto,Exotic,None,Pattern 2,Color 0,WW-212,,,,,,,
sma11#8959,https://wilder-moto-testing.s3.eu-central-1.amazonaws.com/Folder1/Videos/Moto_FGTRLH15HV3QN.mp4,https://wilder-moto-testing.s3.eu-central-1.amazonaws.com/Folder1/Moto_FGTRLH15HV3QN.jpeg,Moto,Exotic,Side Cart,Pattern 8,Color 0,WW-213,,,,,,,
sma11#8959,https://wilder-moto-testing.s3.eu-central-1.amazonaws.com/Folder1/Videos/Moto_L9VZ30G3R3V47.mp4,https://wilder-moto-testing.s3.eu-central-1.amazonaws.com/Folder1/Moto_L9VZ30G3R3V47.jpeg,Moto,Exotic,None,Pattern 1,Color 3,WW-214,,,,,,,
sma11#8959,https://wilder-moto-testing.s3.eu-central-1.amazonaws.com/Folder1/Videos/Moto_3YA22CE9BDC1O.mp4,https://wilder-moto-testing.s3.eu-central-1.amazonaws.com/Folder1/Moto_3YA22CE9BDC1O.jpeg,Moto,Exotic,None,Pattern 4,Color 0,WW-215,,,,,,,
sma11#8959,https://wilder-moto-testing.s3.eu-central-1.amazonaws.com/Folder1/Videos/Moto_1U7UHPD6WV13K.mp4,https://wilder-moto-testing.s3.eu-central-1.amazonaws.com/Folder1/Moto_1U7UHPD6WV13K.jpeg,Moto,Exotic,None,Pattern 2,Color 1,WW-216,,,,,,,
sma11#8959,https://wilder-moto-testing.s3.eu-central-1.amazonaws.com/Folder1/Videos/Moto_BUBKUHWZC02G9.mp4,https://wilder-moto-testing.s3.eu-central-1.amazonaws.com/Folder1/Moto_BUBKUHWZC02G9.jpeg,Moto,Exotic,None,Pattern 0,Color 1,WW-217,,,,,,,
sma11#8959,https://wilder-moto-testing.s3.eu-central-1.amazonaws.com/Folder1/Videos/Moto_T22YQ2LX6CYG9.mp4,https://wilder-moto-testing.s3.eu-central-1.amazonaws.com/Folder1/Moto_T22YQ2LX6CYG9.jpeg,Moto,Exotic,None,Pattern 5,Color 0,WW-218,,,,,,,
sma11#8959,https://wilder-moto-testing.s3.eu-central-1.amazonaws.com/Folder1/Videos/Moto_ZRD14CGMAA1ZN.mp4,https://wilder-moto-testing.s3.eu-central-1.amazonaws.com/Folder1/Moto_ZRD14CGMAA1ZN.jpeg,Moto,Exotic,Side Cart,Pattern 9,Color 0,WW-219,,,,,,,
sma11#8959,https://wilder-moto-testing.s3.eu-central-1.amazonaws.com/Folder1/Videos/Moto_I54JWLUZ2EHKE.mp4,https://wilder-moto-testing.s3.eu-central-1.amazonaws.com/Folder1/Moto_I54JWLUZ2EHKE.jpeg,Moto,Exotic,None,Pattern 9,Color 1,WW-220,,,,,,,
sma11#8959,https://wilder-moto-testing.s3.eu-central-1.amazonaws.com/Folder1/Videos/Moto_M74SGZM6BGAKB.mp4,https://wilder-moto-testing.s3.eu-central-1.amazonaws.com/Folder1/Moto_M74SGZM6BGAKB.jpeg,Moto,Exotic,None,Pattern 5,Color 0,WW-221,,,,,,,
sma11#8959,https://wilder-moto-testing.s3.eu-central-1.amazonaws.com/Folder1/Videos/Moto_9P3T8BJL7EO50.mp4,https://wilder-moto-testing.s3.eu-central-1.amazonaws.com/Folder1/Moto_9P3T8BJL7EO50.jpeg,Moto,Exotic,None,Pattern 0,Color 1,WW-222,,,,,,,
sma11#8959,https://wilder-moto-testing.s3.eu-central-1.amazonaws.com/Folder1/Videos/Moto_YWH9N48EKTAHJ.mp4,https://wilder-moto-testing.s3.eu-central-1.amazonaws.com/Folder1/Moto_YWH9N48EKTAHJ.jpeg,Moto,Exotic,None,Pattern 2,Color 1,WW-223,,,,,,,
sma11#8959,https://wilder-moto-testing.s3.eu-central-1.amazonaws.com/Folder1/Videos/Moto_KSR4234U7CBUR.mp4,https://wilder-moto-testing.s3.eu-central-1.amazonaws.com/Folder1/Moto_KSR4234U7CBUR.jpeg,Moto,Exotic,None,Pattern 4,Color 2,WW-224,,,,,,,
sma11#8959,https://wilder-moto-testing.s3.eu-central-1.amazonaws.com/Folder1/Videos/Moto_N241WS512GJH4.mp4,https://wilder-moto-testing.s3.eu-central-1.amazonaws.com/Folder1/Moto_N241WS512GJH4.jpeg,Moto,Exotic,None,Pattern 8,Color 1,WW-225,,,,,,,
sma11#8959,https://wilder-moto-testing.s3.eu-central-1.amazonaws.com/Folder1/Videos/Moto_O9QMOE7AXAZ5T.mp4,https://wilder-moto-testing.s3.eu-central-1.amazonaws.com/Folder1/Moto_O9QMOE7AXAZ5T.jpeg,Moto,Exotic,Side Cart,Pattern 5,Color 2,WW-226,,,,,,,
sma11#8959,https://wilder-moto-testing.s3.eu-central-1.amazonaws.com/Folder1/Videos/Moto_A3AOJF0TDENHQ.mp4,https://wilder-moto-testing.s3.eu-central-1.amazonaws.com/Folder1/Moto_A3AOJF0TDENHQ.jpeg,Moto,Exotic,None,Pattern 0,Color 0,WW-227,,,,,,,
sma11#8959,https://wilder-moto-testing.s3.eu-central-1.amazonaws.com/Folder1/Videos/Moto_HVYBQFFISVPUS.mp4,https://wilder-moto-testing.s3.eu-central-1.amazonaws.com/Folder1/Moto_HVYBQFFISVPUS.jpeg,Moto,Exotic,None,Pattern 6,Color 0,WW-228,,,,,,,
sma11#8959,https://wilder-moto-testing.s3.eu-central-1.amazonaws.com/Folder1/Videos/Moto_T10K26KMORO1H.mp4,https://wilder-moto-testing.s3.eu-central-1.amazonaws.com/Folder1/Moto_T10K26KMORO1H.jpeg,Moto,Exotic,None,Pattern 8,Color 6,WW-229,,,,,,,
sma11#8959,https://wilder-moto-testing.s3.eu-central-1.amazonaws.com/Folder1/Videos/Moto_VH35HZYX5ESW0.mp4,https://wilder-moto-testing.s3.eu-central-1.amazonaws.com/Folder1/Moto_VH35HZYX5ESW0.jpeg,Moto,Exotic,None,Pattern 6,Color 0,WW-230,,,,,,,
sma11#8959,https://wilder-moto-testing.s3.eu-central-1.amazonaws.com/Folder1/Videos/Moto_ZWFS5QLJCZEO9.mp4,https://wilder-moto-testing.s3.eu-central-1.amazonaws.com/Folder1/Moto_ZWFS5QLJCZEO9.jpeg,Moto,Exotic,None,Pattern 4,Color 1,WW-231,,,,,,,
sma11#8959,https://wilder-moto-testing.s3.eu-central-1.amazonaws.com/Folder1/Videos/Moto_FJSBB1TTNP195.mp4,https://wilder-moto-testing.s3.eu-central-1.amazonaws.com/Folder1/Moto_FJSBB1TTNP195.jpeg,Moto,Exotic,None,Pattern 2,Color 2,WW-232,,,,,,,
sma11#8959,https://wilder-moto-testing.s3.eu-central-1.amazonaws.com/Folder1/Videos/Moto_XK4CKJPX9D2N4.mp4,https://wilder-moto-testing.s3.eu-central-1.amazonaws.com/Folder1/Moto_XK4CKJPX9D2N4.jpeg,Moto,Exotic,None,Pattern 6,Color 0,WW-233,,,,,,,
sma11#8959,https://wilder-moto-testing.s3.eu-central-1.amazonaws.com/Folder1/Videos/Moto_Y5OAB33KYDTDR.mp4,https://wilder-moto-testing.s3.eu-central-1.amazonaws.com/Folder1/Moto_Y5OAB33KYDTDR.jpeg,Moto,Exotic,None,Pattern 0,Color 3,WW-234,,,,,,,
sma11#8959,https://wilder-moto-testing.s3.eu-central-1.amazonaws.com/Folder1/Videos/Moto_R94OCQ147ARYB.mp4,https://wilder-moto-testing.s3.eu-central-1.amazonaws.com/Folder1/Moto_R94OCQ147ARYB.jpeg,Moto,Exotic,None,Pattern 10,Color 1,WW-235,,,,,,,
sma11#8959,https://wilder-moto-testing.s3.eu-central-1.amazonaws.com/Folder1/Videos/Moto_K7DZ6SSH9YHG9.mp4,https://wilder-moto-testing.s3.eu-central-1.amazonaws.com/Folder1/Moto_K7DZ6SSH9YHG9.jpeg,Moto,Exotic,None,Pattern 0,Color 3,WW-236,,,,,,,
sma11#8959,https://wilder-moto-testing.s3.eu-central-1.amazonaws.com/Folder1/Videos/Moto_C6TQ6100Y22WX.mp4,https://wilder-moto-testing.s3.eu-central-1.amazonaws.com/Folder1/Moto_C6TQ6100Y22WX.jpeg,Moto,Exotic,None,Pattern 5,Color 0,WW-237,,,,,,,
sma11#8959,https://wilder-moto-testing.s3.eu-central-1.amazonaws.com/Folder1/Videos/Moto_4VCZF2HMH3556.mp4,https://wilder-moto-testing.s3.eu-central-1.amazonaws.com/Folder1/Moto_4VCZF2HMH3556.jpeg,Moto,Exotic,None,Pattern 2,Color 3,WW-238,,,,,,,
sma11#8959,https://wilder-moto-testing.s3.eu-central-1.amazonaws.com/Folder1/Videos/Moto_CYKPN8XVDJXYE.mp4,https://wilder-moto-testing.s3.eu-central-1.amazonaws.com/Folder1/Moto_CYKPN8XVDJXYE.jpeg,Moto,Exotic,Side Cart,Pattern 4,Color 1,WW-239,,,,,,,
sma11#8959,https://wilder-moto-testing.s3.eu-central-1.amazonaws.com/Folder1/Videos/Moto_R6RYPPR91PHD8.mp4,https://wilder-moto-testing.s3.eu-central-1.amazonaws.com/Folder1/Moto_R6RYPPR91PHD8.jpeg,Moto,Exotic,None,Pattern 2,Color 1,WW-240,,,,,,,
sma11#8959,https://wilder-moto-testing.s3.eu-central-1.amazonaws.com/Folder1/Videos/Moto_COJ16X74M83R8.mp4,https://wilder-moto-testing.s3.eu-central-1.amazonaws.com/Folder1/Moto_COJ16X74M83R8.jpeg,Moto,Exotic,None,Pattern 5,Color 0,WW-241,,,,,,,
sma11#8959,https://wilder-moto-testing.s3.eu-central-1.amazonaws.com/Folder1/Videos/Moto_00PGFES8KU4N4.mp4,https://wilder-moto-testing.s3.eu-central-1.amazonaws.com/Folder1/Moto_00PGFES8KU4N4.jpeg,Moto,Exotic,None,Pattern 9,Color 0,WW-242,,,,,,,
sma11#8959,https://wilder-moto-testing.s3.eu-central-1.amazonaws.com/Folder1/Videos/Moto_HE50CQCNDBEDQ.mp4,https://wilder-moto-testing.s3.eu-central-1.amazonaws.com/Folder1/Moto_HE50CQCNDBEDQ.jpeg,Moto,Exotic,Side Cart,Pattern 3,Color 0,WW-243,,,,,,,
sma11#8959,https://wilder-moto-testing.s3.eu-central-1.amazonaws.com/Folder1/Videos/Moto_PCRB0FGS4VLAE.mp4,https://wilder-moto-testing.s3.eu-central-1.amazonaws.com/Folder1/Moto_PCRB0FGS4VLAE.jpeg,Moto,Exotic,None,Pattern 7,Color 4,WW-244,,,,,,,
sma11#8959,https://wilder-moto-testing.s3.eu-central-1.amazonaws.com/Folder1/Videos/Moto_ERTYOKZB2ZMZ7.mp4,https://wilder-moto-testing.s3.eu-central-1.amazonaws.com/Folder1/Moto_ERTYOKZB2ZMZ7.jpeg,Moto,Exotic,None,Pattern 6,Color 0,WW-245,,,,,,,
sma11#8959,https://wilder-moto-testing.s3.eu-central-1.amazonaws.com/Folder1/Videos/Moto_KJMVONEISAL9G.mp4,https://wilder-moto-testing.s3.eu-central-1.amazonaws.com/Folder1/Moto_KJMVONEISAL9G.jpeg,Moto,Exotic,None,Pattern 8,Color 5,WW-246,,,,,,,
sma11#8959,https://wilder-moto-testing.s3.eu-central-1.amazonaws.com/Folder1/Videos/Moto_72IZVXGNMI7RP.mp4,https://wilder-moto-testing.s3.eu-central-1.amazonaws.com/Folder1/Moto_72IZVXGNMI7RP.jpeg,Moto,Exotic,None,Pattern 0,Color 3,WW-247,,,,,,,
sma11#8959,https://wilder-moto-testing.s3.eu-central-1.amazonaws.com/Folder1/Videos/Moto_VT33C0Z2FVZYY.mp4,https://wilder-moto-testing.s3.eu-central-1.amazonaws.com/Folder1/Moto_VT33C0Z2FVZYY.jpeg,Moto,Exotic,None,Pattern 8,Color 1,WW-248,,,,,,,
sma11#8959,https://wilder-moto-testing.s3.eu-central-1.amazonaws.com/Folder1/Videos/Moto_VNEOEH882RTUI.mp4,https://wilder-moto-testing.s3.eu-central-1.amazonaws.com/Folder1/Moto_VNEOEH882RTUI.jpeg,Moto,Exotic,None,Pattern 6,Color 1,WW-249,,,,,,,
sma11#8959,https://wilder-moto-testing.s3.eu-central-1.amazonaws.com/Folder1/Videos/Moto_A6I7PXDBJH04N.mp4,https://wilder-moto-testing.s3.eu-central-1.amazonaws.com/Folder1/Moto_A6I7PXDBJH04N.jpeg,Moto,Exotic,None,Pattern 1,Color 4,WW-250,,,,,,,
sma11#8959,https://wilder-moto-testing.s3.eu-central-1.amazonaws.com/Folder1/Videos/Moto_46KN8OMYJLZE3.mp4,https://wilder-moto-testing.s3.eu-central-1.amazonaws.com/Folder1/Moto_46KN8OMYJLZE3.jpeg,Moto,Exotic,None,Pattern 6,Color 0,WW-251,,,,,,,
sma11#8959,https://wilder-moto-testing.s3.eu-central-1.amazonaws.com/Folder1/Videos/Moto_VSRVGVU50L4OQ.mp4,https://wilder-moto-testing.s3.eu-central-1.amazonaws.com/Folder1/Moto_VSRVGVU50L4OQ.jpeg,Moto,Exotic,Side Cart,Pattern 0,Color 7,WW-252,,,,,,,
sma11#8959,https://wilder-moto-testing.s3.eu-central-1.amazonaws.com/Folder1/Videos/Moto_W39MB3UTCXRF5.mp4,https://wilder-moto-testing.s3.eu-central-1.amazonaws.com/Folder1/Moto_W39MB3UTCXRF5.jpeg,Moto,Exotic,None,Pattern 7,Color 4,WW-253,,,,,,,
sma11#8959,https://wilder-moto-testing.s3.eu-central-1.amazonaws.com/Folder1/Videos/Moto_4YGNF9LK1VNZ5.mp4,https://wilder-moto-testing.s3.eu-central-1.amazonaws.com/Folder1/Moto_4YGNF9LK1VNZ5.jpeg,Moto,Exotic,None,Pattern 9,Color 0,WW-254,,,,,,,
sma11#8959,https://wilder-moto-testing.s3.eu-central-1.amazonaws.com/Folder1/Videos/Moto_6VUXQGP16J3X2.mp4,https://wilder-moto-testing.s3.eu-central-1.amazonaws.com/Folder1/Moto_6VUXQGP16J3X2.jpeg,Moto,Exotic,None,Pattern 9,Color 5,WW-255,,,,,,,
sma11#8959,https://wilder-moto-testing.s3.eu-central-1.amazonaws.com/Folder1/Videos/Moto_6T9Q6UAMZPHKR.mp4,https://wilder-moto-testing.s3.eu-central-1.amazonaws.com/Folder1/Moto_6T9Q6UAMZPHKR.jpeg,Moto,Exotic,None,Pattern 1,Color 2,WW-256,,,,,,,
sma11#8959,https://wilder-moto-testing.s3.eu-central-1.amazonaws.com/Folder1/Videos/Moto_PJ1JWYGZRS4EB.mp4,https://wilder-moto-testing.s3.eu-central-1.amazonaws.com/Folder1/Moto_PJ1JWYGZRS4EB.jpeg,Moto,Exotic,None,Pattern 5,Color 2,WW-257,,,,,,,
sma11#8959,https://wilder-moto-testing.s3.eu-central-1.amazonaws.com/Folder1/Videos/Moto_Z18Y5VGU7HBX1.mp4,https://wilder-moto-testing.s3.eu-central-1.amazonaws.com/Folder1/Moto_Z18Y5VGU7HBX1.jpeg,Moto,Exotic,None,Pattern 4,Color 5,WW-258,,,,,,,
sma11#8959,https://wilder-moto-testing.s3.eu-central-1.amazonaws.com/Folder1/Videos/Moto_9D5N0Q433Q9LM.mp4,https://wilder-moto-testing.s3.eu-central-1.amazonaws.com/Folder1/Moto_9D5N0Q433Q9LM.jpeg,Moto,Exotic,None,Pattern 4,Color 4,WW-259,,,,,,,
sma11#8959,https://wilder-moto-testing.s3.eu-central-1.amazonaws.com/Folder1/Videos/Moto_8S0Y8B663I7PP.mp4,https://wilder-moto-testing.s3.eu-central-1.amazonaws.com/Folder1/Moto_8S0Y8B663I7PP.jpeg,Moto,Exotic,None,Pattern 1,Color 3,WW-260,,,,,,,
sma11#8959,https://wilder-moto-testing.s3.eu-central-1.amazonaws.com/Folder1/Videos/Moto_CW2R41Z3H3W66.mp4,https://wilder-moto-testing.s3.eu-central-1.amazonaws.com/Folder1/Moto_CW2R41Z3H3W66.jpeg,Moto,Exotic,None,Pattern 1,Color 5,WW-261,,,,,,,
sma11#8959,https://wilder-moto-testing.s3.eu-central-1.amazonaws.com/Folder1/Videos/Moto_DZJLW2OUF8BXZ.mp4,https://wilder-moto-testing.s3.eu-central-1.amazonaws.com/Folder1/Moto_DZJLW2OUF8BXZ.jpeg,Moto,Exotic,Side Cart,Pattern 7,Color 1,WW-262,,,,,,,
sma11#8959,https://wilder-moto-testing.s3.eu-central-1.amazonaws.com/Folder1/Videos/Moto_GZAB4FSAI0F9Y.mp4,https://wilder-moto-testing.s3.eu-central-1.amazonaws.com/Folder1/Moto_GZAB4FSAI0F9Y.jpeg,Moto,Exotic,None,Pattern 2,Color 0,WW-263,,,,,,,
sma11#8959,https://wilder-moto-testing.s3.eu-central-1.amazonaws.com/Folder1/Videos/Moto_8UPMZ8MA8GKS4.mp4,https://wilder-moto-testing.s3.eu-central-1.amazonaws.com/Folder1/Moto_8UPMZ8MA8GKS4.jpeg,Moto,Exotic,Side Cart,Pattern 0,Color 1,WW-264,,,,,,,
sma11#8959,https://wilder-moto-testing.s3.eu-central-1.amazonaws.com/Folder1/Videos/Moto_P34JYRHXC9FAX.mp4,https://wilder-moto-testing.s3.eu-central-1.amazonaws.com/Folder1/Moto_P34JYRHXC9FAX.jpeg,Moto,Exotic,None,Pattern 0,Color 0,WW-265,,,,,,,
sma11#8959,https://wilder-moto-testing.s3.eu-central-1.amazonaws.com/Folder1/Videos/Moto_538SWIR0BN36U.mp4,https://wilder-moto-testing.s3.eu-central-1.amazonaws.com/Folder1/Moto_538SWIR0BN36U.jpeg,Moto,Exotic,None,Pattern 1,Color 5,WW-266,,,,,,,
sma11#8959,https://wilder-moto-testing.s3.eu-central-1.amazonaws.com/Folder1/Videos/Moto_ZCE0FEMFCLVGY.mp4,https://wilder-moto-testing.s3.eu-central-1.amazonaws.com/Folder1/Moto_ZCE0FEMFCLVGY.jpeg,Moto,Exotic,None,Pattern 5,Color 8,WW-267,,,,,,,
sma11#8959,https://wilder-moto-testing.s3.eu-central-1.amazonaws.com/Folder1/Videos/Moto_IYJ3KLD0WNPKS.mp4,https://wilder-moto-testing.s3.eu-central-1.amazonaws.com/Folder1/Moto_IYJ3KLD0WNPKS.jpeg,Moto,Exotic,Side Cart,Pattern 6,Color 1,WW-268,,,,,,,
sma11#8959,https://wilder-moto-testing.s3.eu-central-1.amazonaws.com/Folder1/Videos/Moto_FVYWBMTW9WU1W.mp4,https://wilder-moto-testing.s3.eu-central-1.amazonaws.com/Folder1/Moto_FVYWBMTW9WU1W.jpeg,Moto,Exotic,Side Cart,Pattern 6,Color 4,WW-269,,,,,,,
sma11#8959,https://wilder-moto-testing.s3.eu-central-1.amazonaws.com/Folder1/Videos/Moto_EOFQAUTIK56CR.mp4,https://wilder-moto-testing.s3.eu-central-1.amazonaws.com/Folder1/Moto_EOFQAUTIK56CR.jpeg,Moto,Exotic,None,Pattern 8,Color 2,WW-270,,,,,,,
sma11#8959,https://wilder-moto-testing.s3.eu-central-1.amazonaws.com/Folder1/Videos/Moto_GQSXX8JNMLYFT.mp4,https://wilder-moto-testing.s3.eu-central-1.amazonaws.com/Folder1/Moto_GQSXX8JNMLYFT.jpeg,Moto,Exotic,None,Pattern 1,Color 1,WW-271,,,,,,,
sma11#8959,https://wilder-moto-testing.s3.eu-central-1.amazonaws.com/Folder1/Videos/Moto_5O5NRY71EDQAE.mp4,https://wilder-moto-testing.s3.eu-central-1.amazonaws.com/Folder1/Moto_5O5NRY71EDQAE.jpeg,Moto,Exotic,None,Pattern 4,Color 4,WW-272,,,,,,,
sma11#8959,https://wilder-moto-testing.s3.eu-central-1.amazonaws.com/Folder1/Videos/Moto_DMJT3OVI9WOQH.mp4,https://wilder-moto-testing.s3.eu-central-1.amazonaws.com/Folder1/Moto_DMJT3OVI9WOQH.jpeg,Moto,Exotic,None,Pattern 5,Color 5,WW-273,,,,,,,
sma11#8959,https://wilder-moto-testing.s3.eu-central-1.amazonaws.com/Folder1/Videos/Moto_CXAE1Y0243TYA.mp4,https://wilder-moto-testing.s3.eu-central-1.amazonaws.com/Folder1/Moto_CXAE1Y0243TYA.jpeg,Moto,Exotic,None,Pattern 4,Color 5,WW-274,,,,,,,
sma11#8959,https://wilder-moto-testing.s3.eu-central-1.amazonaws.com/Folder1/Videos/Moto_HT5GOW55AY97B.mp4,https://wilder-moto-testing.s3.eu-central-1.amazonaws.com/Folder1/Moto_HT5GOW55AY97B.jpeg,Moto,Exotic,None,Pattern 1,Color 3,WW-275,,,,,,,
sma11#8959,https://wilder-moto-testing.s3.eu-central-1.amazonaws.com/Folder1/Videos/Moto_ENGY8EO6S010H.mp4,https://wilder-moto-testing.s3.eu-central-1.amazonaws.com/Folder1/Moto_ENGY8EO6S010H.jpeg,Moto,Exotic,None,Pattern 2,Color 0,WW-276,,,,,,,
sma11#8959,https://wilder-moto-testing.s3.eu-central-1.amazonaws.com/Folder1/Videos/Moto_BYFSDM053UGLB.mp4,https://wilder-moto-testing.s3.eu-central-1.amazonaws.com/Folder1/Moto_BYFSDM053UGLB.jpeg,Moto,Exotic,None,Pattern 3,Color 0,WW-277,,,,,,,
sma11#8959,https://wilder-moto-testing.s3.eu-central-1.amazonaws.com/Folder1/Videos/Moto_HRDJEKRT9KY09.mp4,https://wilder-moto-testing.s3.eu-central-1.amazonaws.com/Folder1/Moto_HRDJEKRT9KY09.jpeg,Moto,Exotic,None,Pattern 0,Color 6,WW-278,,,,,,,
sma11#8959,https://wilder-moto-testing.s3.eu-central-1.amazonaws.com/Folder1/Videos/Moto_UTDFYH4QTRAQ1.mp4,https://wilder-moto-testing.s3.eu-central-1.amazonaws.com/Folder1/Moto_UTDFYH4QTRAQ1.jpeg,Moto,Exotic,None,Pattern 1,Color 11,WW-279,,,,,,,
sma11#8959,https://wilder-moto-testing.s3.eu-central-1.amazonaws.com/Folder1/Videos/Moto_XFLCO87Q0JL25.mp4,https://wilder-moto-testing.s3.eu-central-1.amazonaws.com/Folder1/Moto_XFLCO87Q0JL25.jpeg,Moto,Exotic,None,Pattern 5,Color 2,WW-280,,,,,,,
sma11#8959,https://wilder-moto-testing.s3.eu-central-1.amazonaws.com/Folder1/Videos/Moto_7NWGJTDNCEIEN.mp4,https://wilder-moto-testing.s3.eu-central-1.amazonaws.com/Folder1/Moto_7NWGJTDNCEIEN.jpeg,Moto,Exotic,Side Cart,Pattern 1,Color 0,WW-281,,,,,,,
sma11#8959,https://wilder-moto-testing.s3.eu-central-1.amazonaws.com/Folder1/Videos/Moto_C2ST0S6OO670F.mp4,https://wilder-moto-testing.s3.eu-central-1.amazonaws.com/Folder1/Moto_C2ST0S6OO670F.jpeg,Moto,Exotic,None,Pattern 1,Color 0,WW-282,,,,,,,
sma11#8959,https://wilder-moto-testing.s3.eu-central-1.amazonaws.com/Folder1/Videos/Moto_K5EQ568BNZZWG.mp4,https://wilder-moto-testing.s3.eu-central-1.amazonaws.com/Folder1/Moto_K5EQ568BNZZWG.jpeg,Moto,Exotic,None,Pattern 2,Color 0,WW-283,,,,,,,
sma11#8959,https://wilder-moto-testing.s3.eu-central-1.amazonaws.com/Folder1/Videos/Moto_C4R38ANCNTPH7.mp4,https://wilder-moto-testing.s3.eu-central-1.amazonaws.com/Folder1/Moto_C4R38ANCNTPH7.jpeg,Moto,Exotic,None,Pattern 5,Color 1,WW-284,,,,,,,
sma11#8959,https://wilder-moto-testing.s3.eu-central-1.amazonaws.com/Folder1/Videos/Moto_LACE3ECKE564P.mp4,https://wilder-moto-testing.s3.eu-central-1.amazonaws.com/Folder1/Moto_LACE3ECKE564P.jpeg,Moto,Exotic,None,Pattern 3,Color 1,WW-285,,,,,,,
sma11#8959,https://wilder-moto-testing.s3.eu-central-1.amazonaws.com/Folder1/Videos/Moto_BOCMN3ANR0FZO.mp4,https://wilder-moto-testing.s3.eu-central-1.amazonaws.com/Folder1/Moto_BOCMN3ANR0FZO.jpeg,Moto,Exotic,None,Pattern 5,Color 8,WW-286,,,,,,,
sma11#8959,https://wilder-moto-testing.s3.eu-central-1.amazonaws.com/Folder1/Videos/Moto_QDEOFJ3UOI1IK.mp4,https://wilder-moto-testing.s3.eu-central-1.amazonaws.com/Folder1/Moto_QDEOFJ3UOI1IK.jpeg,Moto,Exotic,Side Cart,Pattern 3,Color 0,WW-287,,,,,,,
sma11#8959,https://wilder-moto-testing.s3.eu-central-1.amazonaws.com/Folder1/Videos/Moto_R5FDD3ZQI4FBG.mp4,https://wilder-moto-testing.s3.eu-central-1.amazonaws.com/Folder1/Moto_R5FDD3ZQI4FBG.jpeg,Moto,Exotic,None,Pattern 0,Color 0,WW-288,,,,,,,
sma11#8959,https://wilder-moto-testing.s3.eu-central-1.amazonaws.com/Folder1/Videos/Moto_D9ADG8QPCQWRB.mp4,https://wilder-moto-testing.s3.eu-central-1.amazonaws.com/Folder1/Moto_D9ADG8QPCQWRB.jpeg,Moto,Exotic,None,Pattern 5,Color 0,WW-289,,,,,,,
sma11#8959,https://wilder-moto-testing.s3.eu-central-1.amazonaws.com/Folder1/Videos/Moto_H6LCMFNN2YFJE.mp4,https://wilder-moto-testing.s3.eu-central-1.amazonaws.com/Folder1/Moto_H6LCMFNN2YFJE.jpeg,Moto,Exotic,Side Cart,Pattern 0,Color 13,WW-290,,,,,,,
sma11#8959,https://wilder-moto-testing.s3.eu-central-1.amazonaws.com/Folder1/Videos/Moto_8YFSZYQ1Q3I9J.mp4,https://wilder-moto-testing.s3.eu-central-1.amazonaws.com/Folder1/Moto_8YFSZYQ1Q3I9J.jpeg,Moto,Exotic,None,Pattern 8,Color 1,WW-291,,,,,,,
sma11#8959,https://wilder-moto-testing.s3.eu-central-1.amazonaws.com/Folder1/Videos/Moto_TMRBS9SWA30NL.mp4,https://wilder-moto-testing.s3.eu-central-1.amazonaws.com/Folder1/Moto_TMRBS9SWA30NL.jpeg,Moto,Exotic,None,Pattern 5,Color 1,WW-292,,,,,,,
sma11#8959,https://wilder-moto-testing.s3.eu-central-1.amazonaws.com/Folder1/Videos/Moto_BQ46QA25YCTQL.mp4,https://wilder-moto-testing.s3.eu-central-1.amazonaws.com/Folder1/Moto_BQ46QA25YCTQL.jpeg,Moto,Exotic,None,Pattern 9,Color 2,WW-293,,,,,,,
sma11#8959,https://wilder-moto-testing.s3.eu-central-1.amazonaws.com/Folder1/Videos/Moto_AFFAIZ4T7DZZS.mp4,https://wilder-moto-testing.s3.eu-central-1.amazonaws.com/Folder1/Moto_AFFAIZ4T7DZZS.jpeg,Moto,Exotic,None,Pattern 0,Color 0,WW-294,,,,,,,
sma11#8959,https://wilder-moto-testing.s3.eu-central-1.amazonaws.com/Folder1/Videos/Moto_2QQJUN5XPR2OS.mp4,https://wilder-moto-testing.s3.eu-central-1.amazonaws.com/Folder1/Moto_2QQJUN5XPR2OS.jpeg,Moto,Exotic,None,Pattern 0,Color 2,WW-295,,,,,,,
sma11#8959,https://wilder-moto-testing.s3.eu-central-1.amazonaws.com/Folder1/Videos/Moto_JZQ37MZKAOI15.mp4,https://wilder-moto-testing.s3.eu-central-1.amazonaws.com/Folder1/Moto_JZQ37MZKAOI15.jpeg,Moto,Exotic,None,Pattern 6,Color 1,WW-296,,,,,,,
sma11#8959,https://wilder-moto-testing.s3.eu-central-1.amazonaws.com/Folder1/Videos/Moto_BCR8PR6A6M3BJ.mp4,https://wilder-moto-testing.s3.eu-central-1.amazonaws.com/Folder1/Moto_BCR8PR6A6M3BJ.jpeg,Moto,Exotic,None,Pattern 2,Color 0,WW-297,,,,,,,
sma11#8959,https://wilder-moto-testing.s3.eu-central-1.amazonaws.com/Folder1/Videos/Moto_7M97LO6ULDSVF.mp4,https://wilder-moto-testing.s3.eu-central-1.amazonaws.com/Folder1/Moto_7M97LO6ULDSVF.jpeg,Moto,Exotic,None,Pattern 3,Color 2,WW-298,,,,,,,
sma11#8959,https://wilder-moto-testing.s3.eu-central-1.amazonaws.com/Folder1/Videos/Moto_N6GT4DHZROH5H.mp4,https://wilder-moto-testing.s3.eu-central-1.amazonaws.com/Folder1/Moto_N6GT4DHZROH5H.jpeg,Moto,Exotic,None,Pattern 4,Color 2,WW-299,,,,,,,
sma11#8959,https://wilder-moto-testing.s3.eu-central-1.amazonaws.com/Folder1/Videos/Moto_7G95ZDB6ZP359.mp4,https://wilder-moto-testing.s3.eu-central-1.amazonaws.com/Folder1/Moto_7G95ZDB6ZP359.jpeg,Moto,Exotic,None,Pattern 4,Color 0,WW-300,,,,,,,
sma11#8959,https://wilder-moto-testing.s3.eu-central-1.amazonaws.com/Folder1/Videos/Moto_UIZT0I3L71EHT.mp4,https://wilder-moto-testing.s3.eu-central-1.amazonaws.com/Folder1/Moto_UIZT0I3L71EHT.jpeg,Moto,Hover,Side Cart,Pattern 11,Color 10,WW-301,,,,,,,
,,,,,,,,,,,,,,,
,,,,,,,,,,,,,,,
,,,,,,,,,,,,,,,
,,,,,,,,,,,,,,,
,,,,,,,,,,,,,,,
,,,,,,,,,,,,,,,
,,,,,,,,,,,,,,,
,,,,,,,,,,,,,,,
,,,,,,,,,,,,,,,
,,,,,,,,,,,,,,,
,,,,,,,,,,,,,,,
,,,,,,,,,,,,,,,
,,,,,,,,,,,,,,,
,,,,,,,,,,,,,,,
,,,,,,,,,,,,,,,
,,,,,,,,,,,,,,,
,,,,,,,,,,,,,,,
,,,,,,,,,,,,,,,
,,,,,,,,,,,,,,,
